<?xml version="1.0" encoding="UTF-8"?>
<project-private xmlns="http://www.netbeans.org/ns/project-private/1">
    <editor-bookmarks xmlns="http://www.netbeans.org/ns/editor-bookmarks/2" lastBookmarkId="0"/>
    <open-files xmlns="http://www.netbeans.org/ns/projectui-open-files/2">
        <group>
            <file>file:/D:/CSE213/keya_cosmetics_project-md%20read%20hossain-2021741/src/event/manager/ms3/event_manager.java</file>
            <file>file:/D:/CSE213/keya_cosmetics_project-md%20read%20hossain-2021741/src/event/manager/ms3/DeliveryServices.java</file>
            <file>file:/D:/CSE213/keya_cosmetics_project-md%20read%20hossain-2021741/src/event/manager/ms3/LoginController_1.java</file>
            <file>file:/D:/CSE213/keya_cosmetics_project-md%20read%20hossain-2021741/src/event/manager/ms3/EventManagerMs3.java</file>
        </group>
    </open-files>
</project-private>
