<?xml version="1.0" encoding="UTF-8"?>
<project-private xmlns="http://www.netbeans.org/ns/project-private/1">
    <editor-bookmarks xmlns="http://www.netbeans.org/ns/editor-bookmarks/2" lastBookmarkId="0"/>
    <open-files xmlns="http://www.netbeans.org/ns/projectui-open-files/2">
        <group>
            <file>file:/D:/CSE213/keyacosmeticsproject/src/event/manager/ms3/LoginController_1.java</file>
            <file>file:/D:/CSE213/keyacosmeticsproject/src/event/manager/ms3/DeliveryServices.java</file>
            <file>file:/D:/CSE213/keyacosmeticsproject/src/event/manager/ms3/MergeScenes.java</file>
            <file>file:/D:/CSE213/keyacosmeticsproject/src/event/manager/ms3/LoginController.java</file>
            <file>file:/D:/CSE213/keyacosmeticsproject/src/keya_cosmetics_demo/AppendableObjectOutputStream.java</file>
            <file>file:/D:/CSE213/keyacosmeticsproject/src/event/manager/ms3/Manage_application_for_leaveController.java</file>
        </group>
    </open-files>
</project-private>
